{
    "theta_0": [
        1.258894480583465
    ],
    "b": [
        -42.976131775790364
    ],
    "reverse": false,
    "x_0": 1524,
    "x_1": 2628
}