{"forces": [[2173], [2173], [2173], [2173], [2173], [2173], [2174], [2174], [2173], [2173], [2174], [2174], [2174], [2174], [2177], [2177], [2178], [2178], [2178], [2176], [2176], [2178], [2178], [2177], [2177], [2177], [2178], [2178], [2178], [2178], [2177], [2177], [2177], [2177], [2178], [2178], [2175], [2177], [2177], [2177], [2175], [2175], [2177], [2177], [2176], [2176], [2176], [2175], [2174], [2174], [2174], [2179], [2179], [2177], [2177], [2177], [2177], [2176], [2176], [2176], [2176], [2176], [2176], [2176], [2174], [2176], [2176], [2176], [2180], [2180], [2180], [2180], [2179], [2179], [2182], [2182], [2181], [2181], [2182], [2182], [2182], [2182], [2182], [2182], [2179], [2179], [2180], [2180], [2178], [2178], [2178], [2179], [2179], [2179], [2179], [2178], [2178], [2178], [2178], [2180], [2180], [2179], [2179], [2179], [2180], [2180], [2180], [2180], [2180], [2180], [2181], [2181], [2182], [2182], [2184], [2184], [2183], [2183], [2182], [2182], [2181], [2181], [2182], [2182], [2180], [2180], [2183], [2183], [2182], [2182], [2182], [2184], [2184], [2183], [2183], [2183], [2183], [2184], [2184], [2185], [2185], [2182], [2182], [2183], [2183], [2183], [2184], [2184], [2184], [2186], [2186], [2186], [2183], [2183], [2184], [2184], [2184], [2184], [2184], [2185], [2185], [2185], [2187], [2187], [2187], [2184], [2184], [2185], [2185], [2185], [2185], [2185], [2185], [2184], [2184], [2185], [2185], [2184], [2184], [2185], [2185], [2185], [2185], [2184], [2184], [2184], [2185], [2184], [2184], [2184], [2184], [2184], [2185], [2185], [2185], [2182], [2182], [2185], [2185], [2185], [2185], [2185], [2183], [2183], [2183], [2183], [2183], [2184], [2184], [2183], [2183], [2184], [2184], [2184], [2183], [2183], [2184], [2182], [2182], [2184], [2184]], "timestamps": [1758012790.6015315, 1758012790.6351833, 1758012790.6688256, 1758012790.7025454, 1758012790.7361107, 1758012790.7731814, 1758012790.8033621, 1758012790.836969, 1758012790.872581, 1758012790.9061325, 1758012790.9396622, 1758012790.9733136, 1758012791.0069728, 1758012791.0406556, 1758012791.07434, 1758012791.1079636, 1758012791.141672, 1758012791.1818519, 1758012791.1818519, 1758012791.250345, 1758012791.250345, 1758012791.325101, 1758012791.325101, 1758012791.4357033, 1758012791.4357033, 1758012791.4357033, 1758012791.5750635, 1758012791.5750635, 1758012791.5750635, 1758012791.5750635, 1758012791.6782298, 1758012791.6782298, 1758012791.6782298, 1758012791.6782298, 1758012791.7696023, 1758012791.7696023, 1758012791.8062978, 1758012791.8521457, 1758012791.8521457, 1758012791.8845265, 1758012791.9165297, 1758012791.9500313, 1758012791.9836702, 1758012792.0178297, 1758012792.0631385, 1758012792.1188662, 1758012792.1188662, 1758012792.1617594, 1758012792.193685, 1758012792.2275429, 1758012792.2614625, 1758012792.2950857, 1758012792.3287816, 1758012792.3648872, 1758012792.4218554, 1758012792.4218554, 1758012792.4706802, 1758012792.5065327, 1758012792.5372608, 1758012792.5885797, 1758012792.5885797, 1758012792.678225, 1758012792.678225, 1758012792.678225, 1758012792.7350845, 1758012792.7724538, 1758012792.818152, 1758012792.818152, 1758012792.9160237, 1758012792.9160237, 1758012792.9160237, 1758012792.9531045, 1758012792.9917257, 1758012793.0210223, 1758012793.063055, 1758012793.1009119, 1758012793.1341565, 1758012793.167165, 1758012793.2007115, 1758012793.2345243, 1758012793.2679713, 1758012793.3017147, 1758012793.335187, 1758012793.3687685, 1758012793.40255, 1758012793.4360657, 1758012793.4696298, 1758012793.5032437, 1758012793.5368168, 1758012793.5784395, 1758012793.5784395, 1758012793.6357265, 1758012793.6784272, 1758012793.6784272, 1758012793.73515, 1758012793.7717578, 1758012793.7987812, 1758012793.8325236, 1758012793.8660777, 1758012793.9117026, 1758012793.9117026, 1758012793.9841545, 1758012793.9841545, 1758012794.038336, 1758012794.0564022, 1758012794.090248, 1758012794.1275866, 1758012794.1628726, 1758012794.201409, 1758012794.23503, 1758012794.2815042, 1758012794.2815042, 1758012794.3450372, 1758012794.3450372, 1758012794.4164553, 1758012794.4164553, 1758012794.5012233, 1758012794.5012233, 1758012794.5618622, 1758012794.5618622, 1758012794.6201887, 1758012794.6201887, 1758012794.6818557, 1758012794.6818557, 1758012794.7618556, 1758012794.7618556, 1758012794.8350582, 1758012794.8350582, 1758012794.8794703, 1758012794.8794703, 1758012794.9351013, 1758012794.9763618, 1758012795.00994, 1758012795.0495777, 1758012795.0495777, 1758012795.107244, 1758012795.14098, 1758012795.1745477, 1758012795.2082083, 1758012795.2417886, 1758012795.276185, 1758012795.3089867, 1758012795.3426673, 1758012795.3762183, 1758012795.4117608, 1758012795.4117608, 1758012795.4651024, 1758012795.5118005, 1758012795.5118005, 1758012795.5765104, 1758012795.6151035, 1758012795.6151035, 1758012795.6938992, 1758012795.6938992, 1758012795.795078, 1758012795.795078, 1758012795.795078, 1758012795.876392, 1758012795.876392, 1758012795.9684043, 1758012795.9684043, 1758012795.9684043, 1758012796.0551102, 1758012796.0551102, 1758012796.0551102, 1758012796.0919232, 1758012796.1198149, 1758012796.1584175, 1758012796.2003236, 1758012796.2469432, 1758012796.2469432, 1758012796.2789893, 1758012796.3128526, 1758012796.368409, 1758012796.4083753, 1758012796.4395251, 1758012796.47424, 1758012796.5114064, 1758012796.5114064, 1758012796.660928, 1758012796.660928, 1758012796.660928, 1758012796.660928, 1758012796.7119966, 1758012796.7119966, 1758012796.7750611, 1758012796.8050725, 1758012796.8426185, 1758012796.8761876, 1758012796.9097426, 1758012796.951484, 1758012796.951484, 1758012797.0499296, 1758012797.0499296, 1758012797.0499296, 1758012797.1317165, 1758012797.1317165, 1758012797.205913, 1758012797.205913, 1758012797.2935965, 1758012797.2935965, 1758012797.2935965, 1758012797.458399, 1758012797.458399, 1758012797.458399, 1758012797.458399, 1758012797.458399, 1758012797.518794, 1758012797.518794, 1758012797.5524337, 1758012797.5860157, 1758012797.6196597, 1758012797.6532848, 1758012797.6868927, 1758012797.7205212, 1758012797.754164, 1758012797.7876608, 1758012797.8558323, 1758012797.8558323, 1758012798.0323145, 1758012798.0323145]}8012797.9468408, 1758012797.9468408, 1758012797.9746273, 1758012798.0084631, 1758012798.0420048, 1758012798.0756762, 1758012798.1121533, 1758012798.1461315]}