{"forces": [[1580], [1582], [1582], [1579], [1579], [1582], [1582], [1580], [1580], [1581], [1581], [1581], [1581], [1581], [1580], [1582], [1582], [1579], [1579], [1579], [1582], [1582], [1580], [1580], [1581], [1581], [1581], [1581], [1579], [1579], [1582], [1582], [1579], [1579], [1582], [1582], [1580], [1580], [1580], [1580], [1581], [1581], [1581], [1581], [1579], [1582], [1582], [1582], [1579], [1582], [1582], [1580], [1580], [1580], [1580], [1580], [1582], [1582], [1582], [1579], [1582], [1582], [1579], [1579], [1582], [1582], [1580], [1580], [1580], [1580], [1580], [1582], [1582]], "timestamps": [1758012788.1716974, 1758012788.2181768, 1758012788.2483635, 1758012788.2820673, 1758012788.3157742, 1758012788.349403, 1758012788.383014, 1758012788.4166992, 1758012788.467402, 1758012788.4999485, 1758012788.532922, 1758012788.5668662, 1758012788.60843, 1758012788.60843, 1758012788.668405, 1758012788.688181, 1758012788.7218103, 1758012788.7555687, 1758012788.7892678, 1758012788.8228042, 1758012788.8565192, 1758012788.8900566, 1758012788.9237385, 1758012788.957356, 1758012788.9908674, 1758012789.0247235, 1758012789.0581596, 1758012789.0917387, 1758012789.1254394, 1758012789.159034, 1758012789.1926162, 1758012789.226157, 1758012789.2596982, 1758012789.2934077, 1758012789.327125, 1758012789.3607314, 1758012789.397366, 1758012789.4312356, 1758012789.4715497, 1758012789.4715497, 1758012789.5073102, 1758012789.5410058, 1758012789.5728607, 1758012789.6065, 1758012789.6401243, 1758012789.6907084, 1758012789.7413447, 1758012789.7413447, 1758012789.7920902, 1758012789.8617852, 1758012789.8617852, 1758012789.9078004, 1758012789.9078004, 1758012789.985608, 1758012789.985608, 1758012790.0191503, 1758012790.0525577, 1758012790.1117141, 1758012790.1117141, 1758012790.1636536, 1758012790.2250683, 1758012790.2250683, 1758012790.278789, 1758012790.278789, 1758012790.362054, 1758012790.362054, 1758012790.4150505, 1758012790.4150505, 1758012790.4518776, 1758012790.482937, 1758012790.518828, 1758012790.5528994, 1758012790.586754]}